Timestamp,IP_Address,Event
2025-02-01 21:00:00,192.168.1.17,ACCESS_DENIED
2025-02-02 23:00:00,192.168.1.2,PORT_SCAN
2025-02-02 14:00:00,192.168.1.20,ACCESS_DENIED
2025-02-02 12:00:00,192.168.1.8,ACCESS_DENIED
2025-02-01 18:00:00,10.0.0.2,LOGIN_SUCCESS
2025-02-01 03:00:00,192.168.1.20,PORT_SCAN
2025-02-02 14:00:00,10.0.0.2,LOGIN_FAILURE
2025-02-01 17:00:00,10.0.0.4,MALWARE_DETECTED
2025-02-02 05:00:00,192.168.1.13,LOGIN_SUCCESS
2025-02-02 21:00:00,10.0.0.3,ACCESS_DENIED
2025-02-02 08:00:00,192.168.1.1,MALWARE_DETECTED
2025-02-01 01:00:00,192.168.1.17,LOGIN_SUCCESS
2025-02-01 12:00:00,192.168.1.18,LOGIN_SUCCESS
2025-02-03 01:00:00,192.168.1.4,MALWARE_DETECTED
2025-02-01 07:00:00,192.168.1.11,ACCESS_DENIED
2025-02-01 23:00:00,192.168.1.17,LOGIN_SUCCESS
2025-02-01 09:00:00,192.168.1.12,PORT_SCAN
2025-02-02 03:00:00,192.168.1.10,ACCESS_DENIED
2025-02-02 19:00:00,192.168.1.5,LOGIN_FAILURE
2025-02-01 02:00:00,192.168.1.20,LOGIN_SUCCESS
2025-02-03 00:00:00,192.168.1.13,LOGIN_FAILURE
2025-02-01 21:00:00,192.168.1.16,LOGIN_FAILURE
2025-02-02 23:00:00,192.168.1.1,ACCESS_DENIED
2025-02-01 09:00:00,192.168.1.2,MALWARE_DETECTED
2025-02-02 02:00:00,192.168.1.3,LOGIN_SUCCESS
2025-02-02 00:00:00,192.168.1.20,LOGIN_FAILURE
2025-02-01 13:00:00,10.0.0.2,MALWARE_DETECTED
2025-02-02 15:00:00,192.168.1.19,LOGIN_SUCCESS
2025-02-02 19:00:00,192.168.1.1,ACCESS_DENIED
2025-02-01 07:00:00,192.168.1.2,LOGIN_FAILURE
2025-02-01 02:00:00,10.0.0.2,MALWARE_DETECTED
2025-02-02 08:00:00,192.168.1.16,LOGIN_SUCCESS
2025-02-02 11:00:00,192.168.1.8,PORT_SCAN
2025-02-03 01:00:00,192.168.1.19,ACCESS_DENIED
2025-02-02 02:00:00,10.0.0.1,MALWARE_DETECTED
2025-02-01 10:00:00,192.168.1.16,LOGIN_FAILURE
2025-02-01 16:00:00,10.0.0.3,MALWARE_DETECTED
2025-02-01 11:00:00,192.168.1.12,LOGIN_FAILURE
2025-02-01 09:00:00,192.168.1.20,LOGIN_SUCCESS
2025-02-03 00:00:00,192.168.1.6,LOGIN_FAILURE
2025-02-01 15:00:00,192.168.1.15,LOGIN_FAILURE
2025-02-02 17:00:00,192.168.1.9,LOGIN_FAILURE
2025-02-01 02:00:00,192.168.1.18,LOGIN_SUCCESS
2025-02-01 18:00:00,10.0.0.1,MALWARE_DETECTED
2025-02-02 21:00:00,10.0.0.5,LOGIN_FAILURE
2025-02-02 09:00:00,10.0.0.1,ACCESS_DENIED
2025-02-01 06:00:00,10.0.0.5,PORT_SCAN
2025-02-01 07:00:00,192.168.1.7,MALWARE_DETECTED
2025-02-01 03:00:00,192.168.1.9,PORT_SCAN
2025-02-02 12:00:00,10.0.0.3,LOGIN_FAILURE
